<RamblingMan>

<!-- *** If 0-Score is installed. -->
<conditional>
	<if cond="mod_loaded('0-SCore_sphereii')">
<!-- 		<append xpath="entity_classes/entity_class[@name='playerMale']/property[@name='ItemsOnEnterGame.GameModeSurvival' or @name='ItemsOnEnterGame.GameModeSurvivalSP' or @name='ItemsOnEnterGame.GameModeSurvivalMP']/@value">,meleeToolShovelT0StoneShovel</append> -->

	</if>
</conditional>


<conditional>
	<if cond="mod_loaded('0-SCore_sphereii') == false">
		<append xpath="entity_classes/entity_class[@name='playerMale']/property[@name='ItemsOnEnterGame.GameModeSurvival' or @name='ItemsOnEnterGame.GameModeSurvivalSP' or @name='ItemsOnEnterGame.GameModeSurvivalMP']/@value">,noteSCore_not_installedFTLR</append>

	</if>
</conditional>

</RamblingMan>