<BuyOnDayOne>

<!-- This mod will switch off if Buy On Day One - Vehicles and Mods for Bdub's Vehicles is loaded. -->
<conditional>
<if cond="mod_loaded('BODO-BdubsVehiclesModsFLTR') == false">

<!-- *** Trader Bob Addon -->

<!-- Remove groupVehicles from trader Bobs's inventory to avoid duplication.  -->

<remove xpath="/traders/trader_info[@id='6']/trader_items/item[@group='groupVehicles']" />


<!-- Add all vehicle parts and mods to Trader Bob's inventory. -->

<insertBefore xpath="/traders/trader_info[@id='6']/trader_items/item[@group='traderRobotics']">

<!-- Parts and accessories -->

<!-- <item name="vehicleBicycleOldBVChassis"/>
<item name="vehicleBicycleOldBVHandlebars"/>
<item name="vehicleMinibikeOldBVChassis"/>
<item name="vehicleMinibikeOldBVHandlebars"/> -->
<item name="vehicleMotorcycleOldBVChassis"/>
<item name="vehicleMotorcycleOldBVHandlebars"/>
<item name="vehicleTruck4x4OldBVChassis"/>
<item name="vehicleTruck4x4OldBVAccessories"/>
<item name="vehicleGyrocopterOldBVChassis"/>
<item name="vehicleGyrocopterOldBVAccessories"/>
<item name="vehicleBoxTruckchassis"/>
<item name="vehicleBoxTruckbody"/>
<item name="vehicleBRDM2chassis"/>
<item name="vehicleBRDM2accessories"/>
<item name="vehicleBuggychassis"/>
<item name="vehicleBuggyaccessories"/>
<item name="vehicleChargerchassis"/>
<item name="vehicleChargeraccessories"/>
<item name="vehicleCruiserchassis"/>
<item name="vehicleCruiserbars"/>
<item name="vehicleDirtBikeChassis"/>
<item name="vehicleDirtBikeParts"/>
<item name="vehicleDusterchassis"/>
<item name="vehicleDusteraccessories"/>
<item name="vehicleGNXchassis"/>
<item name="vehicleGNXaccessories"/>
<!-- <item name="vehicleGolfCartchassis"/>
<item name="vehicleGolfCartaccessories"/> -->
<item name="vehicleHotRodchassis"/>
<item name="vehicleHotRodaccessories"/>
<item name="vehicleHumveechassis"/>
<item name="vehicleHumveebody"/>
<item name="vehicleJunkerChassis"/>
<item name="vehicleJunkerbars"/>
<item name="vehicleLMTVchassis"/>
<item name="vehicleLMTVbody"/>
<item name="vehicleMarauderchassis"/>
<item name="vehicleMarauderaccessories"/>
<item name="vehicleMD500chassis"/>
<item name="vehicleMD500accessories"/>
<item name="vehicleMRAPparts"/>
<item name="vehicleMRAPaccessories"/>
<item name="vehicleNovachassis"/>
<item name="vehicleNovaaccessories"/>
<item name="vehicleOldSemichassis"/>
<item name="vehicleOldSemibody"/>
<item name="vehiclePickupchassis"/>
<item name="vehiclePickupaccessories"/>
<item name="vehicleRatChassis"/>
<item name="vehicleRatbars"/>
<item name="vehicleSHERPchassis"/>
<item name="vehicleSHERPaccessories"/>
<item name="vehicleStallionchassis"/>
<item name="vehicleStallionaccessories"/>
<item name="vehicleTrophyTruckchassis"/>
<item name="vehicleTrophyTruckbody"/>
<item name="vehicleUAZ452chassis"/>
<item name="vehicleUAZaccessories"/>
<item name="vehicleUH60chassis"/>
<item name="vehicleUH60accessories"/>
<item name="vehicleWorkTruckchassis"/>
<item name="vehicleWorkTruckaccessories"/>

<!-- Mods -->
<item name="modVehicleHumveeDoors"/>
<item name="modVehicleFuelSaver"/>
<item name="modVehicleOffRoadHeadlights"/>
<item name="modVehicleSuperCharger"/>
<item name="modVehicleExpandedSeat"/>
<item name="modVehicleReserveFuelTank"/>
<item name="modVehiclePlow"/>
<item name="modVehicleArmor"/>

</insertBefore>

</if>
</conditional>

</BuyOnDayOne>