<ramblingman>
<conditional>
<if cond="mod_loaded('0-SCore_sphereii') and mod_version('0-SCore_sphereii') >= version(2,4,11,1222)">

<!-- ***Custom traders -->

<!-- MpLogue -->
<conditional>
<if cond="mod_loaded('MPLogue_Prefabs_7D2D_V2_0_1') and mod_version('MPLogue_Prefabs_7D2D_V2_0_1') >= version(2,0,1)">
<include filename="MPLogue_Prefabs/items.xml"/>
</if>
</conditional>

<!-- Fluffy-Panda-Traders -->
<!-- <conditional>
<if cond="mod_loaded('Fluffy-Panda-Traders') and mod_version('Fluffy-Panda-Traders') >= version(2,8,0)">
<include filename="Fluffy-Panda-Traders/items.xml"/>
</if>
</conditional> -->

<!-- Other traders -->
<!-- <conditional>
<if cond="mod_loaded('xxx') and mod_version('xxx') >= version(2,0,0)">
<include filename="xxx/items.xml"/>
</if>
</conditional> -->

<!-- ***Vanilla traders -->

<append xpath="/items">

<!-- *** Navezgane 2.4 bundle for vanilla traders.  -->

<item name="qt_teleport_to_trader_navezgane_24_bundle">
	<property name="DescriptionKey" value="qt_teleport_to_trader_navezgane_24_bundle_desc"/>
	<property name="CustomIcon" value="flagPoleTrader_bright"/>
	<!-- <property name="CustomIconTint" value="ff7400" /> -->
	<property name="CustomIconTint" value="66ccff" />
	<!-- <property name="ItemTypeIcon" value="treasure"/> -->
	<property name="ItemTypeIcon" value="map_trader"/>
	<property name="HoldType" value="45"/>
	<property name="Meshfile" value="@:Other/Items/Misc/sackPrefab.prefab"/>
	<property name="DropMeshfile" value="@:Other/Items/Misc/sack_droppedPrefab.prefab"/>
	
	<property name="Material" value="Morganic"/>
	<property name="Stacknumber" value="5"/>
	<property name="EconomicValue" value="6000"/>
	<property name="SellableToTrader" value="false"/>
	<property name="Group" value="Resources"/>
	<property name="SoundPickup" value="stone_grab"/>
	<property name="SoundPlace" value="stone_place"/>
	<property class="Action0">
		<property name="Class" value="OpenBundle"/>
		<property name="Delay" value="0"/>
		<property name="Sound_start" value="close_garbage"/>
		<property name="Create_item" value="qt_teleport_to_trader_rekt_navezgane_24,qt_teleport_to_trader_jen_navezgane_24,qt_teleport_to_trader_bob_navezgane_24,qt_teleport_to_trader_hugh_navezgane_24,qt_teleport_to_trader_joel_navezgane_24"/>
		<property name="Create_item_count" value="50,50,50,50,50"/>
	</property>
</item>

<!-- *** Helipad bundle for vanilla traders  -->

<item name="qt_teleport_to_trader_helipad_bundle">
	<property name="DescriptionKey" value="qt_teleport_to_trader_helipad_bundle_desc"/>
	<property name="CustomIcon" value="helipad_bright"/>
	<property name="CustomIconTint" value="66ccff" />
	<!-- <property name="ItemTypeIcon" value="treasure"/> -->
	<property name="ItemTypeIcon" value="map_trader"/>
	<property name="HoldType" value="45"/>
	<property name="Meshfile" value="@:Other/Items/Misc/sackPrefab.prefab"/>
	<property name="DropMeshfile" value="@:Other/Items/Misc/sack_droppedPrefab.prefab"/>
	
	<property name="Material" value="Morganic"/>
	<property name="Stacknumber" value="5"/>
	<property name="EconomicValue" value="6000"/>
	<property name="SellableToTrader" value="false"/>
	<property name="Group" value="Resources"/>
	<property name="SoundPickup" value="stone_grab"/>
	<property name="SoundPlace" value="stone_place"/>
	<property class="Action0">
		<property name="Class" value="OpenBundle"/>
		<property name="Delay" value="0"/>
		<property name="Sound_start" value="close_garbage"/>
		<property name="Create_item" value="qt_teleport_to_trader_rekt_helipad,qt_teleport_to_trader_jen_helipad,qt_teleport_to_trader_bob_helipad,qt_teleport_to_trader_hugh_helipad,qt_teleport_to_trader_joel_helipad"/>
		<property name="Create_item_count" value="50,50,50,50,50"/>
	</property>
</item>


<!-- Vanilla Rekt  -->
<!-- Navezgane teleport to front door. -->
<item name="qt_teleport_to_trader_rekt_navezgane_24">
	<property name="DescriptionKey" value="qt_teleport_to_trader_rekt_desc"/>
	<property name="CustomIcon" value="signTraderRektExteriorLarge"/>
	<!-- <property name="CustomIconTint" value="ff7400" /> -->
	<property name="ItemTypeIcon" value="crops"/>
	<property name="Extends" value="treasureQuestMaster"/>
	<property name="SoundPickup" value="map_grab"/>
	<property name="SoundPlace" value="map_place"/>
	<property class="Action0">
		<property name="QuestGiven" value="q_goToPOI_trader_rekt_navezgane_24"/>
	</property>
</item>

<!-- Helipad teleport -->
<item name="qt_teleport_to_trader_rekt_helipad">
	<property name="DescriptionKey" value="qt_teleport_to_trader_rekt_desc"/>
	<property name="CustomIcon" value="helipad_bright"/>
	<!-- <property name="CustomIconTint" value="ff7400" /> -->
	<property name="ItemTypeIcon" value="crops"/>
	<property name="Extends" value="treasureQuestMaster"/>
	<property name="SoundPickup" value="map_grab"/>
	<property name="SoundPlace" value="map_place"/>
	<property class="Action0">
		<property name="QuestGiven" value="q_goToPOI_trader_rekt_helipad"/>
	</property>
</item>

<!-- Vanilla Jen -->
<!-- Navezgane teleport to front door. -->
<item name="qt_teleport_to_trader_jen_navezgane_24">
	<property name="DescriptionKey" value="qt_teleport_to_trader_jen_desc"/>
	<property name="CustomIcon" value="signTraderJenInterior"/>
	<property name="ItemTypeIcon" value="medical"/>
	<!-- <property name="CustomIconTint" value="ff7400" /> -->
	<property name="Extends" value="treasureQuestMaster"/>
	<property name="SoundPickup" value="map_grab"/>
	<property name="SoundPlace" value="map_place"/>
	<property class="Action0">
		<property name="QuestGiven" value="q_goToPOI_trader_jen_navezgane_24"/>
	</property>
</item>


<!-- Helipad teleport -->
<item name="qt_teleport_to_trader_jen_helipad">
	<property name="DescriptionKey" value="qt_teleport_to_trader_jen_desc"/>
	<property name="CustomIcon" value="helipad_bright"/>
	<property name="ItemTypeIcon" value="medical"/>
	<!-- <property name="CustomIconTint" value="ff7400" /> -->
	<property name="Extends" value="treasureQuestMaster"/>
	<property name="SoundPickup" value="map_grab"/>
	<property name="SoundPlace" value="map_place"/>
	<property class="Action0">
		<property name="QuestGiven" value="q_goToPOI_trader_jen_helipad"/>
	</property>
</item>

<!-- Vanilla Bob -->
<!-- Navezgane teleport to front door. -->
<item name="qt_teleport_to_trader_bob_navezgane_24">
	<property name="DescriptionKey" value="qt_teleport_to_trader_bob_desc"/>
	<property name="CustomIcon" value="signTraderBobExteriorLarge"/>
	<!-- <property name="CustomIconTint" value="ff7400" /> -->
	<property name="ItemTypeIcon" value="4x4"/>	
	<property name="Extends" value="treasureQuestMaster"/>
	<property name="SoundPickup" value="map_grab"/>
	<property name="SoundPlace" value="map_place"/>
	<property class="Action0">
		<property name="QuestGiven" value="q_goToPOI_trader_bob_navezgane_24"/>
	</property>
</item>
<!-- Teleport to helipad. -->
<item name="qt_teleport_to_trader_bob_helipad">
	<property name="DescriptionKey" value="qt_teleport_to_trader_bob_desc"/>
	<property name="CustomIcon" value="helipad_bright"/>
	<!-- <property name="CustomIconTint" value="ff7400" /> -->
	<property name="ItemTypeIcon" value="4x4"/>	
	<property name="Extends" value="treasureQuestMaster"/>
	<property name="SoundPickup" value="map_grab"/>
	<property name="SoundPlace" value="map_place"/>
	<property class="Action0">
		<property name="QuestGiven" value="q_goToPOI_trader_bob_helipad"/>
	</property>
</item>

<!-- Vanilla Hugh -->
<!-- Navezgane teleport to front door. -->
<item name="qt_teleport_to_trader_hugh_navezgane_24">
	<property name="DescriptionKey" value="qt_teleport_to_trader_hugh_desc"/>
	<property name="CustomIcon" value="signTraderHughExterior"/>
	<!-- <property name="CustomIconTint" value="ff7400" /> -->
	<property name="ItemTypeIcon" value="pistol"/>		
	<property name="Extends" value="treasureQuestMaster"/>
	<property name="SoundPickup" value="map_grab"/>
	<property name="SoundPlace" value="map_place"/>
	<property class="Action0">
		<property name="QuestGiven" value="q_goToPOI_trader_hugh_navezgane_24"/>
	</property>
</item>
<!-- Teleport to helipad. -->
<item name="qt_teleport_to_trader_hugh_helipad">
	<property name="DescriptionKey" value="qt_teleport_to_trader_hugh_desc"/>
	<property name="CustomIcon" value="helipad_bright"/>
	<!-- <property name="CustomIconTint" value="ff7400" /> -->
	<property name="ItemTypeIcon" value="pistol"/>		
	<property name="Extends" value="treasureQuestMaster"/>
	<property name="SoundPickup" value="map_grab"/>
	<property name="SoundPlace" value="map_place"/>
	<property class="Action0">
		<property name="QuestGiven" value="q_goToPOI_trader_hugh_helipad"/>
	</property>
</item>

<!-- Vanilla Joel -->
<!-- Navezgane teleport to front door. -->
<item name="qt_teleport_to_trader_joel_navezgane_24">
	<property name="DescriptionKey" value="qt_teleport_to_trader_joel_desc"/>
	<property name="CustomIcon" value="signTraderJoelExteriorLarge"/>
	<!-- <property name="CustomIconTint" value="ff7400" /> -->
	<property name="ItemTypeIcon" value="armor_iron"/>			
	<property name="Extends" value="treasureQuestMaster"/>
	<property name="SoundPickup" value="map_grab"/>
	<property name="SoundPlace" value="map_place"/>
	<property class="Action0">
		<property name="QuestGiven" value="q_goToPOI_trader_joel_navezgane_24"/>
	</property>
</item>
<!-- Teleport to helipad. -->
<item name="qt_teleport_to_trader_joel_helipad">
	<property name="DescriptionKey" value="qt_teleport_to_trader_joel_desc"/>
	<property name="CustomIcon" value="helipad_bright"/>
	<!-- <property name="CustomIconTint" value="ff7400" /> -->
	<property name="ItemTypeIcon" value="armor_iron"/>			
	<property name="Extends" value="treasureQuestMaster"/>
	<property name="SoundPickup" value="map_grab"/>
	<property name="SoundPlace" value="map_place"/>
	<property class="Action0">
		<property name="QuestGiven" value="q_goToPOI_trader_joel_helipad"/>
	</property>
</item>
</append>

</if>
</conditional>
</ramblingman>