<bodovanilla>

<!-- 7 Days To Die 2.5 required -->
<conditional>
<if cond="game_version() >= version(1,2,5)" >

<!-- Approach
1. Set items to be for sale at all game stages in traders.xml.
2. Set items to be always for sale by adding them to traderAlways trader_item_group in traders.xml.
3. If needed (e.g. because traderstage_template is too extensive), create new traderstage_template with distinct attributes (e.g. partVehicleFLTR or modVehicleFLTR) in traders.xml and apply new attribute to items in items.xml and item_modifiers.xml. -->


<!-- *** VANILLA VEHICLES -->

<!-- Set all vehicles to be for sale at all game stages. -->
<set xpath="/traders/traderstage_templates/traderstage_template[@name='vehicleTier0' or @name='vehicleTier1' or @name='vehicleTier2' or @name='vehicleTier3' or @name='vehicleTier4' or @name='vehicleTier5']">
	<entry min="1" max="999999" quality="0"/>
</set>

<!-- Set bicycles and minibikes to be always for sale. Engine and wheels are still available in rareTools group. -->

<append xpath="/traders/trader_item_groups/trader_item_group[@name='traderAlways']">
<!-- *** BICYCLE -->
	<item name="vehicleBicyclePlaceable"/>
<!-- *** MINIBIKE -->
	<item name="vehicleMinibikePlaceable"/>
<!-- *** VEHICLE MODS -->
	<item name="modVehicleStorage"/>	
</append>

<!-- *** VANILLA VEHICLE MODS -->

<!-- Set all Vehicle mods to be for sale at all game stages. modVehicleFLTR is set in item_modifiers.xml  -->

<!-- NOTE: In vanilla, only vehicle mod schematics are for sale. Mods must be looted or crafted. Oversight?   -->

<append xpath="/traders/traderstage_templates">
	<traderstage_template name="modVehicleFLTR">
		<entry min="1" max="999999" quality="0"/>
	</traderstage_template>
</append>

<!-- *** WHEELS -->

<!-- Add wheels to rareTools group to maintain their availability. -->
<append xpath="/traders/trader_item_groups/trader_item_group[@name='rareTools']">
	<item name="vehicleWheels"/>
</append>

<!-- *** Reinforce Trader Bob's specialty. He has all the vehicles and all the vehicle mods.-->

<remove xpath="/traders/trader_info[@id='6']/trader_items/item[@group='groupVehicles']" />

<insertBefore xpath="/traders/trader_info[@id='6']/trader_items/item[@group='traderRobotics']">
<!-- *** MOTORCYCLE -->	
	<item name="vehicleMotorcyclePlaceable"/>
<!-- *** 4x4 -->
	<item name="vehicleTruck4x4Placeable"/>
<!-- *** GYRO -->
	<item name="vehicleGyrocopterPlaceable"/>
<!-- *** VEHICLE MODS -->
	<item name="modVehicleArmor"/>
	<item name="modVehicleExpandedSeat"/>
	<item name="modVehicleFuelSaver"/>
	<item name="modVehicleOffRoadHeadlights"/>
	<item name="modVehiclePlow"/>
	<item name="modVehicleReserveFuelTank"/>
	<item name="modVehicleStorage"/>
	<item name="modVehicleSuperCharger"/>
	
	<!-- *** END OF EDIT -->					
</insertBefore>

<!-- Remove vehicles from traderGeneral group to avoid duplication. -->
<remove xpath="/traders/trader_item_groups/trader_item_group[@name='traderGeneral']/item[@group='groupVehicles']" />

</if>
</conditional>
</bodovanilla>